SatisfactionCategory,AvgSpent
Low,176.6677505636854
Medium,156.37218856577542
